<?xml version="1.0" encoding="UTF-8"?><rss version="2.0"
	xmlns:content="http://purl.org/rss/1.0/modules/content/"
	xmlns:wfw="http://wellformedweb.org/CommentAPI/"
	xmlns:dc="http://purl.org/dc/elements/1.1/"
	xmlns:atom="http://www.w3.org/2005/Atom"
	xmlns:sy="http://purl.org/rss/1.0/modules/syndication/"
	xmlns:slash="http://purl.org/rss/1.0/modules/slash/"
	
	xmlns:georss="http://www.georss.org/georss"
	xmlns:geo="http://www.w3.org/2003/01/geo/wgs84_pos#"
	>

<channel>
	<title>iPad &#8211; EuroTech</title>
	<atom:link href="http://localhost/ecommerce2/categoria-prodotto/ipad/feed/?simply_static_page=563" rel="self" type="application/rss+xml" />
	<link></link>
	<description></description>
	<lastBuildDate>Wed, 22 Mar 2023 15:52:29 +0000</lastBuildDate>
	<language>it-IT</language>
	<sy:updatePeriod>
	hourly	</sy:updatePeriod>
	<sy:updateFrequency>
	1	</sy:updateFrequency>
	<generator>https://wordpress.org/?v=6.1.1</generator>
	<item>
		<title>Apple iPad Air 10.9” Wi-Fi 64GB – Grigio siderale</title>
		<link>/prodotto/apple-ipad-air-10-9-wi-fi-64gb-grigio-siderale/</link>
					<comments>/prodotto/apple-ipad-air-10-9-wi-fi-64gb-grigio-siderale/#respond</comments>
		
		<dc:creator><![CDATA[Stefano]]></dc:creator>
		<pubDate>Tue, 21 Mar 2023 13:43:35 +0000</pubDate>
				<guid isPermaLink="false">/?post_type=product#038;p=15</guid>

					<description><![CDATA[<p class="copy tBA7F9C channel-custom-font-custom-80-headline-super">Leggero. Colorato.
Con un chip esagerato.</p>
<p class="copy tBA7F9C channel-custom-font-custom-80-headline-super">I superpoteri del chip Apple M1. Fotocamera frontale da 12MP con ultra‑grandangolo e Inquadratura automatica. 5G ultrarapido. In cinque magnifici colori.</p>]]></description>
										<content:encoded><![CDATA[<p><b>Design all‑screen. Spazio alla bellezza.</b><br />
Display Liquid Retina da 10,9″<br />
Con il nuovo iPad Air ti immergi in tutto quello che leggi, guardi o crei. Lo splendido display Liquid Retina da 10,9″ ha un’ampia gamma cromatica P3, tecnologie evolute come True Tone, e il rivestimento antiriflesso.</p>
<p>Il Touch ID è integrato nel tasto superiore: basta un tocco per sbloccare il dispositivo, accedere alle app e pagare i tuoi acquisti in totale sicurezza con Apple Pay. Scegli il tuo preferito tra i cinque magnifici colori di iPad Air, e inizia l’avventura.</p>
]]></content:encoded>
					
					<wfw:commentRss>/prodotto/apple-ipad-air-10-9-wi-fi-64gb-grigio-siderale/feed/</wfw:commentRss>
			<slash:comments>0</slash:comments>
		
		
			</item>
	</channel>
</rss>
