<?xml version="1.0" encoding="UTF-8"?><rss version="2.0"
	xmlns:content="http://purl.org/rss/1.0/modules/content/"
	xmlns:dc="http://purl.org/dc/elements/1.1/"
	xmlns:atom="http://www.w3.org/2005/Atom"
	xmlns:sy="http://purl.org/rss/1.0/modules/syndication/"
	
	xmlns:georss="http://www.georss.org/georss"
	xmlns:geo="http://www.w3.org/2003/01/geo/wgs84_pos#"
	
	>
<channel>
	<title>
	Commenti a: Apple iMac 24&#8243; con display Retina 4.5K (Chip M1 con GPU 8-core, 256GB SSD)	</title>
	<atom:link href="http://localhost/ecommerce2/prodotto/apple-imac-24-con-display-retina-4-5k-chip-m1-con-gpu-8-core-256gb-ssd/feed/?simply_static_page=527" rel="self" type="application/rss+xml" />
	<link>/prodotto/apple-imac-24-con-display-retina-4-5k-chip-m1-con-gpu-8-core-256gb-ssd/</link>
	<description></description>
	<lastBuildDate>Wed, 22 Mar 2023 15:56:38 +0000</lastBuildDate>
	<sy:updatePeriod>
	hourly	</sy:updatePeriod>
	<sy:updateFrequency>
	1	</sy:updateFrequency>
	<generator>https://wordpress.org/?v=6.1.1</generator>
</channel>
</rss>
