<?xml version="1.0" encoding="UTF-8"?><rss version="2.0"
	xmlns:content="http://purl.org/rss/1.0/modules/content/"
	xmlns:wfw="http://wellformedweb.org/CommentAPI/"
	xmlns:dc="http://purl.org/dc/elements/1.1/"
	xmlns:atom="http://www.w3.org/2005/Atom"
	xmlns:sy="http://purl.org/rss/1.0/modules/syndication/"
	xmlns:slash="http://purl.org/rss/1.0/modules/slash/"
	
	xmlns:georss="http://www.georss.org/georss"
	xmlns:geo="http://www.w3.org/2003/01/geo/wgs84_pos#"
	>

<channel>
	<title>24 &#8221; &#8211; EuroTech</title>
	<atom:link href="http://localhost/ecommerce2/dimensione-schermo/24/feed/?simply_static_page=575" rel="self" type="application/rss+xml" />
	<link></link>
	<description></description>
	<lastBuildDate>Wed, 22 Mar 2023 15:56:38 +0000</lastBuildDate>
	<language>it-IT</language>
	<sy:updatePeriod>
	hourly	</sy:updatePeriod>
	<sy:updateFrequency>
	1	</sy:updateFrequency>
	<generator>https://wordpress.org/?v=6.1.1</generator>
	<item>
		<title>Apple iMac 24&#8243; con display Retina 4.5K (Chip M1 con GPU 8-core, 256GB SSD)</title>
		<link>/prodotto/apple-imac-24-con-display-retina-4-5k-chip-m1-con-gpu-8-core-256gb-ssd/</link>
					<comments>/prodotto/apple-imac-24-con-display-retina-4-5k-chip-m1-con-gpu-8-core-256gb-ssd/#respond</comments>
		
		<dc:creator><![CDATA[Stefano]]></dc:creator>
		<pubDate>Wed, 22 Mar 2023 14:42:54 +0000</pubDate>
				<guid isPermaLink="false">/?post_type=product#038;p=42</guid>

					<description><![CDATA[<b>Non hai mai visto
un computer così.</b>

Eccolo: di’ ciao al nuovo iMac. Ispirato al meglio di Apple, rivoluzionato dal chip M1. Si fa notare ovunque e si adatta perfettamente al tuo mondo.]]></description>
										<content:encoded><![CDATA[<p>Ispirato al meglio di Apple, rivoluzionato dal chip M1.<br />
Si fa notare ovunque e si adatta perfettamente al tuo mondo.</p>
<p>Con un design sorprendente, iMac sa trasformare ogni spazio. È spesso solo 11,5 mm e pesa meno di 4,5 kg.</p>
<p>Display Retina 4.5K da 24&#8243;, oltre un miliardo di colori e tecnologia True Tone per una luminosità più naturale. Dai film alle foto, tutto quello che guardi è nitido e definito, e i colori sono più brillanti che mai.</p>
]]></content:encoded>
					
					<wfw:commentRss>/prodotto/apple-imac-24-con-display-retina-4-5k-chip-m1-con-gpu-8-core-256gb-ssd/feed/</wfw:commentRss>
			<slash:comments>0</slash:comments>
		
		
			</item>
	</channel>
</rss>
